User ID,Gender,Age,EstimatedSalary,Purchased
15624510,Male,19,19000,0
15810944,Male,35,20000,0
15668575,Female,26,43000,0
15603246,Female,27,57000,0
15804002,Male,19,76000,0
15728773,Male,27,58000,0
15598044,Female,27,84000,0
15694829,Female,32,150000,1
15600575,Male,25,33000,0
15727311,Female,35,65000,0
15570769,Female,26,80000,0
15606274,Female,26,52000,0
15746139,Male,20,86000,0
15704987,Male,32,18000,0
15628972,Male,18,82000,0
15697686,Male,29,80000,0
15733883,Male,47,25000,1
15617482,Male,45,26000,1
15704583,Male,46,28000,1
15621083,Female,48,29000,1
15649487,Male,45,22000,1
15736760,Female,47,49000,1
15714658,Male,48,41000,1
15646183,Female,45,22000,1
15705113,Male,46,23000,1
15631159,Male,47,20000,1
15792818,Male,49,28000,1
15633531,Female,47,30000,1
15744529,Male,29,43000,0
15669656,Male,31,18000,0
15581198,Male,31,74000,0
15729054,Female,27,137000,1
15573452,Female,21,16000,0
15776733,Female,28,44000,0
15724858,Male,27,90000,0
15713144,Male,35,18000,0
15690188,Female,33,28000,0
15689425,Female,30,49000,0
15671414,Female,26,72000,0
15782806,Female,27,31000,0
15764419,Female,27,17000,0
15591915,Female,33,36000,0
15772798,Male,35,39000,0
15792683,Male,30,15000,0
15715541,Female,28,84000,0
15639277,Male,23,20000,0
15802638,Male,25,79000,0
15776377,Female,27,47000,0
15673014,Female,30,135000,1
15793813,Female,38,50000,0
15694395,Female,24,32000,0
15764195,Female,18,44000,0
15744919,Female,35,25000,0
15672821,Female,35,65000,0
15654901,Female,27,58000,0
15649136,Female,24,55000,0
15775599,Female,23,48000,0
15807481,Male,28,79000,0
15644078,Male,22,18000,0
15789109,Female,32,117000,0
15814004,Male,27,20000,0
15673619,Male,25,87000,0
15663939,Female,23,66000,0
15583681,Male,32,120000,1
15605000,Female,59,83000,0
15718073,Male,24,58000,0
15795164,Male,24,19000,0
15800829,Female,23,82000,0
15577806,Female,22,63000,0
15776702,Female,31,68000,0
15756932,Male,25,80000,0
15726358,Female,24,27000,0
15595228,Female,20,23000,0
15679297,Female,33,113000,0
15779744,Male,32,18000,0
15651280,Male,34,112000,1
15750839,Male,18,52000,0
15692819,Female,22,27000,0
15667265,Female,28,87000,0
15655123,Female,26,17000,0
15595917,Male,30,80000,0
15667504,Male,39,42000,0
15709476,Male,20,49000,0
15711159,Male,35,88000,0
15799033,Female,30,62000,0
15665791,Female,31,118000,0
15694946,Male,24,55000,0
15762605,Female,28,85000,0
15768140,Male,35,50000,0
15768652,Male,35,20000,0
15729114,Male,43,112000,1
15587013,Female,30,116000,0
15809823,Male,26,81000,0
15699284,Female,29,28000,0
15727696,Female,29,83000,0
15708791,Female,35,44000,0
15714485,Female,35,25000,0
15582492,Male,34,43000,0
15626210,Female,30,79000,0
15675901,Female,35,73000,0
15766289,Male,37,144000,1
15745113,Male,28,32000,0
15720745,Female,32,86000,0
15671987,Female,33,149000,1
15672528,Female,35,88000,0
15801658,Male,21,72000,0
15706346,Male,26,35000,0
15792850,Male,27,89000,0
15602840,Female,35,47000,0
15725002,Female,35,50000,0
15765495,Female,27,57000,0
15665325,Female,41,71000,0
15665765,Female,35,61000,0
15779035,Male,40,65000,0
15739749,Female,42,80000,0
15753861,Female,40,75000,0
15637439,Male,41,52000,0
15720741,Male,37,79000,0
15792150,Male,38,59000,0
15789815,Male,46,59000,0
15724409,Female,40,75000,0
15741049,Female,35,72000,0
15726230,Female,41,63000,0
15638003,Female,47,51000,1
15679693,Male,40,55000,0
15800836,Male,45,32000,1
15713469,Male,46,32000,1
15694205,Female,47,77000,1
15723373,Male,42,54000,0
15794228,Female,49,36000,1
15689751,Female,40,75000,0
15598842,Male,43,129000,1
15727396,Male,53,72000,1
15717893,Female,47,47000,1
15749381,Female,60,46000,1
15735160,Female,48,131000,1
15815236,Female,50,44000,1
15796351,Female,59,130000,1
15810802,Female,42,65000,0
15764347,Male,51,23000,1
15762805,Male,47,23000,1
15616581,Male,40,47000,0
15708186,Male,43,60000,0
15739527,Female,41,72000,0
15768403,Female,48,89000,1
15707634,Male,46,73000,1
15739524,Female,51,134000,1
15609669,Female,60,42000,1
15778630,Male,48,119000,1
15797823,Male,41,52000,0
15675176,Female,48,30000,1
15694879,Male,41,52000,0
15779525,Male,37,79000,0
15687634,Male,47,34000,1
15734549,Female,46,96000,1
15701537,Male,42,73000,1
15685346,Male,35,77000,0
15643966,Male,40,47000,0
15794403,Female,43,84000,1
15662019,Male,59,42000,1
15724161,Male,47,51000,1
15752153,Male,40,61000,0
15766349,Female,43,54000,0
15600379,Male,40,47000,0
15775704,Male,47,40000,1
15577514,Male,43,107000,1
15662494,Male,40,75000,0
15638646,Male,46,79000,1
15734161,Female,47,34000,1
15707013,Female,45,45000,1
15663249,Female,46,96000,1
15672152,Female,48,33000,1
15759066,Female,47,47000,1
15694505,Female,40,71000,0
15762293,Female,42,70000,0
15648358,Male,60,34000,1
15773447,Male,39,71000,0
15794566,Female,40,71000,0
15644100,Male,38,61000,0
15705709,Male,40,78000,0
15636428,Female,47,49000,1
15672754,Male,40,57000,0
15789925,Male,43,63000,0
15680587,Male,44,39000,1
15745083,Male,57,74000,1
15815040,Female,45,45000,1
15770125,Female,46,41000,1
15584114,Male,45,80000,1
15739926,Female,46,82000,1
15797000,Female,53,82000,1
15736228,Female,42,73000,0
15609637,Female,48,112000,1
15722423,Female,44,139000,1
15735878,Male,23,63000,0
15762934,Male,20,82000,0
15693674,Male,21,88000,0
15697424,Female,26,84000,0
15724536,Female,27,84000,0
15682417,Female,20,88000,0
15796569,Female,33,69000,0
15732104,Male,35,88000,0
15671762,Male,30,89000,0
15722758,Male,24,84000,0
15672449,Female,35,47000,0
15608302,Male,45,26000,1
15622319,Male,43,128000,1
15772334,Male,47,43000,1
15680587,Male,47,30000,1
15664907,Male,40,107000,1
15774727,Female,39,42000,0
15638494,Male,52,150000,1
15715300,Female,43,133000,1
15594084,Female,37,146000,1
15760590,Female,40,60000,0
15746203,Female,44,131000,1
15670615,Male,41,52000,0
15717893,Female,58,38000,1
15747043,Female,48,74000,1
15675719,Male,37,144000,1
15777492,Male,40,78000,0
15711759,Female,47,42000,1
15814553,Male,40,107000,1
15652400,Female,49,86000,1
15720298,Male,53,34000,1
15735549,Female,35,91000,1
15584545,Female,43,112000,1
15664987,Male,40,108000,1
15746077,Male,46,32000,1
15770527,Female,43,112000,1
15610140,Female,37,80000,0
15732987,Male,46,74000,0
15725227,Female,47,38000,1
15798659,Female,41,87000,1
15768673,Female,53,49000,1
15725660,Male,42,75000,0
15686995,Female,48,41000,1
15666655,Female,41,72000,0
15789815,Male,56,60000,1
15747043,Female,41,60000,0
15724109,Female,49,39000,1
15769749,Female,36,63000,0
15709441,Female,47,25000,1
15807901,Female,42,70000,0
15675949,Female,48,30000,1
15713469,Male,47,51000,1
15798333,Male,47,105000,1
15732987,Male,41,60000,0
15619465,Female,48,138000,1
15585289,Female,41,60000,0
15609669,Female,50,44000,1
15794228,Female,51,23000,1
15727396,Male,47,42000,1
15807481,Male,54,70000,1
15708791,Female,57,33000,1
15736760,Female,57,74000,1
15606274,Female,45,45000,1
15694829,Female,46,82000,1
15714658,Male,48,33000,1
15744529,Male,47,30000,1
15729054,Female,47,34000,1
15671414,Female,46,79000,1
15772798,Male,58,47000,1
15639277,Male,48,74000,1
15673014,Female,59,42000,1
15764195,Female,60,40000,1
15654901,Female,52,38000,1
15807481,Male,53,36000,1
15814004,Male,46,79000,1
15583681,Male,58,144000,1
15718073,Male,46,28000,1
15776702,Female,52,90000,1
15679297,Female,53,82000,1
15750839,Male,51,134000,1
15655123,Female,43,133000,1
15709476,Male,59,130000,1
15799033,Female,57,122000,1
15762605,Female,56,104000,1
15768652,Male,49,28000,1
15587013,Female,53,104000,1
15699284,Female,54,48000,1
15708791,Female,41,72000,0
15582492,Male,40,57000,0
15675901,Female,58,47000,1
15745113,Male,45,79000,0
15671987,Female,46,117000,1
15801658,Male,49,36000,1
15792850,Male,55,39000,1
15725002,Female,52,46000,1
15665325,Female,40,71000,0
15779035,Male,46,22000,1
15753861,Female,59,88000,1
15720741,Male,45,32000,1
15789815,Male,46,74000,0
15741049,Female,54,70000,1
15638003,Female,41,72000,0
15800836,Male,40,57000,0
15694205,Female,42,80000,0
15794228,Female,48,33000,1
15727396,Male,47,20000,1
15749381,Female,40,75000,0
15815236,Female,42,54000,0
15764347,Male,40,65000,0
15616581,Male,46,28000,1
15739527,Female,40,60000,0
15707634,Male,42,54000,0
15609669,Female,41,72000,0
15797823,Male,46,32000,1
15694879,Male,42,73000,1
15687634,Male,45,26000,1
15701537,Male,46,73000,1
15643966,Male,48,29000,1
15662019,Male,45,22000,1
15752153,Male,47,49000,1
15600379,Male,41,52000,0
15577514,Male,60,34000,1
15638646,Male,39,71000,0
15707013,Female,42,70000,0
15672152,Female,40,71000,0
15694505,Female,38,61000,0
15648358,Male,47,49000,1
15794566,Female,40,78000,0
15705709,Male,43,63000,0
15672754,Male,40,75000,0
15680587,Male,47,51000,1
15815040,Female,40,55000,0
15584114,Male,45,32000,1
15797000,Female,46,32000,1
15609637,Female,47,77000,1
15735878,Male,42,54000,0
15693674,Male,49,36000,1
15724536,Female,40,75000,0
15796569,Female,43,129000,1
15671762,Male,53,72000,1
15672449,Female,47,47000,1
15622319,Male,60,46000,1
15680587,Male,48,131000,1
15774727,Female,50,44000,1
15715300,Female,59,130000,1
15760590,Female,42,65000,0
15670615,Male,51,23000,1
15747043,Female,47,23000,1
15777492,Male,40,47000,0
15814553,Male,43,60000,0
15720298,Male,41,72000,0
15584545,Female,48,89000,1
15746077,Male,46,73000,1
15610140,Female,51,134000,1
15725227,Female,60,42000,1
15768673,Female,48,119000,1
15686995,Female,41,52000,0
15789815,Male,48,30000,1
15724109,Female,41,52000,0
15709441,Female,37,79000,0
15675949,Female,47,34000,1
15798333,Male,46,96000,1
15619465,Female,42,73000,1
15609669,Female,35,77000,0
15727396,Male,40,47000,0
15708791,Female,43,84000,1
15606274,Female,59,42000,1
15714658,Male,47,51000,1
15729054,Female,40,61000,0
15772798,Male,43,54000,0
15673014,Female,40,47000,0
15654901,Female,47,40000,1
15814004,Male,43,107000,1
15718073,Male,40,75000,0
15679297,Female,46,79000,1
15655123,Female,47,34000,1
15799033,Female,45,45000,1
15768652,Male,46,96000,1
15699284,Female,48,33000,1
15582492,Male,47,47000,1
15745113,Male,40,71000,0
15801658,Male,42,70000,0
15725002,Female,60,34000,1
15779035,Male,39,71000,0
15720741,Male,40,71000,0
15741049,Female,38,61000,0
15800836,Male,40,78000,0
15794228,Female,47,49000,1
15749381,Female,40,57000,0
15764347,Male,43,63000,0
15739527,Female,44,39000,1
15609669,Female,57,74000,1
15694879,Male,45,45000,1
15701537,Male,46,41000,1
15662019,Male,45,80000,1
15600379,Male,46,82000,1
15638646,Male,53,82000,1
15672152,Female,42,73000,0
15648358,Male,48,112000,1
15705709,Male,44,139000,1
15680587,Male,23,63000,0
15584114,Male,20,82000,0
15609637,Female,21,88000,0
15693674,Male,26,84000,0
15796569,Female,27,84000,0
15672449,Female,20,88000,0
15680587,Male,33,69000,0
15715300,Female,35,88000,0
15670615,Male,30,89000,0
15777492,Male,24,84000,0
15720298,Male,35,47000,0
15746077,Male,45,26000,1
15725227,Female,43,128000,1
15686995,Female,47,43000,1
15724109,Female,47,30000,1
15675949,Female,40,107000,1
15619465,Female,39,42000,0
15727396,Male,52,150000,1
15606274,Female,43,133000,1
15729054,Female,37,146000,1
15673014,Female,40,60000,0
15814004,Male,44,131000,1
15679297,Female,41,52000,0
15799033,Female,58,38000,1
15699284,Female,48,74000,1
15745113,Male,37,144000,1
15725002,Female,40,78000,0
15720741,Male,47,42000,1
15800836,Male,40,107000,1
15749381,Female,49,86000,1
15739527,Female,53,34000,1
15694879,Male,35,91000,1
15662019,Male,43,112000,1
15638646,Male,40,108000,1
15648358,Male,46,32000,1
15680587,Male,43,112000,1
15609637,Female,37,80000,0
15796569,Female,46,74000,0
15680587,Male,47,38000,1
15670615,Male,41,87000,1
15720298,Male,53,49000,1
15725227,Female,42,75000,0
15724109,Female,48,41000,1
15619465,Female,41,72000,0
15606274,Female,56,60000,1
15673014,Female,41,60000,0
15679297,Female,49,39000,1
15699284,Female,36,63000,0
15725002,Female,47,25000,1
15800836,Male,42,70000,0
15739527,Female,48,30000,1
15662019,Male,47,51000,1
15648358,Male,47,105000,1
15609637,Female,41,60000,0
15680587,Male,48,138000,1
15720298,Male,41,60000,0
15724109,Female,50,44000,1
15606274,Female,51,23000,1
15679297,Female,47,42000,1
15725002,Female,54,70000,1
15739527,Female,57,33000,1
15648358,Male,57,74000,1
15680587,Male,45,45000,1
15720298,Male,46,82000,1
15606274,Female,48,33000,1
15725002,Female,47,30000,1
15648358,Male,47,34000,1
15720298,Male,46,79000,1
15648358,Male,58,47000,1
